city,place,type,duration,image,best_time_to_visit,description
Jaipur,Hawa Mahal,Monument,2 hrs,https://upload.wikimedia.org/wikipedia/commons/9/9c/Hawa_Mahal_in_Jaipur_2016.jpg,October to March,"Known as the 'Palace of Winds', this pink sandstone structure has 953 small windows and offers stunning views of the city."
Jaipur,Amber Fort,Fort,3 hrs,https://upload.wikimedia.org/wikipedia/commons/f/fb/Amber_Fort_Jaipur_India_January_2019_%2846127000204%29.jpg,November to February,A majestic hilltop fort showcasing Rajput architecture with a blend of Hindu and Mughal styles.
Jaipur,City Palace,Palace,2.5 hrs,https://upload.wikimedia.org/wikipedia/commons/f/fb/Jaipur_City_Palace%2C_Rajasthan.jpg,October to March,A royal residence complex that blends Mughal and Rajput architecture and houses a museum.
Jaipur,Jantar Mantar,Observatory,1.5 hrs,https://upload.wikimedia.org/wikipedia/commons/6/6a/Jantar_Mantar%2C_Jaipur%2C_India.jpg,October to March,A UNESCO World Heritage site with architectural astronomical instruments built in the 18th century.
Jaipur,Jal Mahal,Lake Palace,1 hr,https://upload.wikimedia.org/wikipedia/commons/0/05/Jal_Mahal_Jaipur_India.jpg,November to February,"A beautiful palace in the middle of Man Sagar Lake, best viewed during sunrise or sunset."
Jaipur,Albert Hall Museum,Museum,2 hrs,https://upload.wikimedia.org/wikipedia/commons/b/bc/Albert_Hall_Museum_Jaipur.jpg,October to March,The oldest museum in Rajasthan showcasing a wide range of artifacts and cultural exhibits.
Jaipur,Nahargarh Fort,Fort,3 hrs,https://upload.wikimedia.org/wikipedia/commons/2/2a/Nahargarh_Fort_Jaipur_Rajasthan_India.jpg,October to February,"Overlooking the city, this fort offers panoramic views and a glimpse into Jaipur’s royal past."
Jaipur,Jaigarh Fort,Fort,2.5 hrs,https://upload.wikimedia.org/wikipedia/commons/2/26/Jaigarh_Fort_Jaipur.jpg,October to March,Home to the world’s largest cannon on wheels and a great place for exploring Rajasthan’s military history.
Jaipur,Birla Mandir,Temple,1 hr,https://upload.wikimedia.org/wikipedia/commons/d/de/Birla_Mandir_Jaipur.jpg,October to March,"A modern white marble temple dedicated to Lord Vishnu and Goddess Lakshmi, glowing beautifully at night."
Jaipur,Chokhi Dhani,Cultural Village,3 hrs,https://upload.wikimedia.org/wikipedia/commons/4/43/Chokhi_Dhani_Jaipur.jpg,October to March,"An ethnic village resort offering Rajasthani food, folk dances, puppet shows, and camel rides."
